Date,Month,new date,Year,Price,Open,High,Low,Vol.,Change %
1/6/2026,1/6/1900,1-Jun-26,7/18/1905,"1,374.71","1,370.90","1,383.32","1,354.96",,0.21%
1/5/2026,1/5/1900,1-May-26,7/18/1905,"1,371.89","1,375.18","1,377.76","1,354.08",,-0.28%
1/4/2026,1/4/1900,1-Apr-26,7/18/1905,"1,375.74","1,385.54","1,388.52","1,337.50",,-0.77%
1/3/2026,1/3/1900,1-Mar-26,7/18/1905,"1,386.46","1,359.50","1,418.92","1,347.87",,1.80%
1/2/2026,1/2/1900,1-Feb-26,7/18/1905,"1,361.88","1,392.00","1,401.83","1,333.80",,-1.77%
1/1/2026,1/1/1900,1-Jan-26,7/18/1905,"1,386.46","1,444.58","1,448.75","1,375.65",,-4.02%
1/12/2025,1/12/1900,1-Dec-25,7/17/1905,"1,444.57","1,443.00","1,464.65","1,439.75",,-0.19%
1/11/2025,1/11/1900,1-Nov-25,7/17/1905,"1,447.34","1,446.81","1,459.84","1,425.10",,0.04%
1/10/2025,1/10/1900,1-Oct-25,7/17/1905,"1,446.81","1,483.24","1,503.75","1,429.15",,-2.45%
1/9/2025,1/9/1900,1-Sep-25,7/17/1905,"1,483.18","1,532.57","1,539.76","1,475.00",,-3.50%
1/8/2025,1/8/1900,1-Aug-25,7/17/1905,"1,536.95","1,530.89","1,539.63","1,509.00",,0.40%
1/7/2025,1/7/1900,1-Jul-25,7/17/1905,"1,530.90","1,545.00","1,545.00","1,522.55",,-0.36%
1/6/2025,1/6/1900,1-Jun-25,7/17/1905,"1,536.38","1,587.00","1,590.50","1,528.68",,-3.25%
1/5/2025,1/5/1900,1-May-25,7/17/1905,"1,587.95","1,602.07","1,613.90","1,579.54",,-0.90%
1/4/2025,1/4/1900,1-Apr-25,7/17/1905,"1,602.39","1,537.73","1,644.01","1,526.50",,4.20%
1/3/2025,1/3/1900,1-Mar-25,7/17/1905,"1,537.77","1,499.07","1,560.00","1,491.34",,2.31%
1/2/2025,1/2/1900,1-Feb-25,7/17/1905,"1,503.00","1,481.00","1,552.50","1,442.50",,1.49%
1/1/2025,1/1/1900,1-Jan-25,7/17/1905,"1,481.00","1,538.57","1,575.50","1,442.50",,-3.46%
1/12/2024,1/12/1900,1-Dec-24,7/16/1905,"1,534.00","1,682.89","1,707.50","1,485.00",,-8.19%
1/11/2024,1/11/1900,1-Nov-24,7/16/1905,"1,670.89","1,643.26","1,717.50","1,620.00",,3.25%
1/10/2024,1/10/1900,1-Oct-24,7/16/1905,"1,618.26","1,668.97","1,693.55","1,590.69",,-1.56%
1/9/2024,1/9/1900,1-Sep-24,7/16/1905,"1,643.97","1,598.64","1,685.00","1,497.50",,3.39%
1/8/2024,1/8/1900,1-Aug-24,7/16/1905,"1,590.00","1,620.00","1,620.00","1,480.00",,-4.22%
1/7/2024,1/7/1900,1-Jul-24,7/16/1905,"1,660.00","1,513.73","1,670.00","1,305.00",,8.85%
1/6/2024,1/6/1900,1-Jun-24,7/16/1905,"1,525.00","1,485.00","1,541.37","1,425.90",,2.76%
1/5/2024,1/5/1900,1-May-24,7/16/1905,"1,484.00","1,390.00","1,549.93","1,197.05",,6.84%
1/4/2024,1/4/1900,1-Apr-24,7/16/1905,"1,389.00","1,304.34","1,450.00","1,002.00",,6.60%
1/3/2024,1/3/1900,1-Mar-24,7/16/1905,"1,303.00","1,617.55","1,687.12","1,275.50",,-19.40%
1/2/2024,1/2/1900,1-Feb-24,7/16/1905,"1,616.55","1,192.94","1,680.75",950.5,,35.62%
1/1/2024,1/1/1900,1-Jan-24,7/16/1905,"1,191.94",882.03,"1,250.75",849.5,,35.29%
1/12/2023,1/12/1900,1-Dec-23,7/15/1905,881.03,790.5,906.695,788.5,,11.52%
1/11/2023,1/11/1900,1-Nov-23,7/15/1905,790,787.5,846.47,786.045,,0.64%
1/10/2023,1/10/1900,1-Oct-23,7/15/1905,785,769.55,884.5,747.1,,2.21%
1/9/2023,1/9/1900,1-Sep-23,7/15/1905,768,773.5,798.5,738.04,,-0.65%
1/8/2023,1/8/1900,1-Aug-23,7/15/1905,773,760.4,792.5,740.5,,1.86%
1/7/2023,1/7/1900,1-Jul-23,7/15/1905,758.9,760.27,799.5,756.5,,0.02%
1/6/2023,1/6/1900,1-Jun-23,7/15/1905,758.77,461.1,775.5,460.5,,64.74%
1/5/2023,1/5/1900,1-May-23,7/15/1905,460.6,460.47,465.5,460.3,,0.14%
1/4/2023,1/4/1900,1-Apr-23,7/15/1905,459.97,460.34,460.54,459.97,,0.03%
1/3/2023,1/3/1900,1-Mar-23,7/15/1905,459.84,460.47,460.55,460.29,,-0.03%
1/2/2023,1/2/1900,1-Feb-23,7/15/1905,459.97,460.52,460.6,459.49,,-0.01%
1/1/2023,1/1/1900,1-Jan-23,7/15/1905,460.02,448.08,460.52,445.5,,2.78%
1/12/2022,1/12/1900,1-Dec-22,7/14/1905,447.58,443.94,455.5,443.5,,0.93%
1/11/2022,1/11/1900,1-Nov-22,7/14/1905,443.44,438.35,443.94,438.35,,1.28%
1/10/2022,1/10/1900,1-Oct-22,7/14/1905,437.85,432.37,441.5,414.38,,1.38%
1/9/2022,1/9/1900,1-Sep-22,7/14/1905,431.87,421.88,435.5,419.5,,2.49%
1/8/2022,1/8/1900,1-Aug-22,7/14/1905,421.38,415.87,428.5,415.85,,1.45%
1/7/2022,1/7/1900,1-Jul-22,7/14/1905,415.37,415.27,425.5,414.7,,0.14%
1/6/2022,1/6/1900,1-Jun-22,7/14/1905,414.77,415.2,419.5,414.29,,0.02%
1/5/2022,1/5/1900,1-May-22,7/14/1905,414.7,415.26,415.5,414.3,,-0.01%
1/4/2022,1/4/1900,1-Apr-22,7/14/1905,414.76,415.75,415.75,414.5,,-0.12%
1/3/2022,1/3/1900,1-Mar-22,7/14/1905,415.25,416.02,416.09,411,,-0.06%
1/2/2022,1/2/1900,1-Feb-22,7/14/1905,415.52,415.83,417.05,414.76,,0.05%
1/1/2022,1/1/1900,1-Jan-22,7/14/1905,415.33,411.95,415.83,411.93,,0.88%
1/12/2021,1/12/1900,1-Dec-21,7/13/1905,411.7,409.89,413.5,409.89,,0.50%
1/11/2021,1/11/1900,1-Nov-21,7/13/1905,409.64,410.31,414.23,409.5,,-0.10%
1/10/2021,1/10/1900,1-Oct-21,7/13/1905,410.06,410.8,413.5,410.1,,0.06%
1/9/2021,1/9/1900,1-Sep-21,7/13/1905,409.8,411.5,413.5,409.26,,-0.29%
1/8/2021,1/8/1900,1-Aug-21,7/13/1905,411,411.5,412,409.5,,0.00%
1/7/2021,1/7/1900,1-Jul-21,7/13/1905,411,411.5,411.5,411.25,,0.00%
1/6/2021,1/6/1900,1-Jun-21,7/13/1905,411,413,413.375,408.5,,0.12%
1/5/2021,1/5/1900,1-May-21,7/13/1905,410.5,381.05,413.45,380.75,,7.87%
1/4/2021,1/4/1900,1-Apr-21,7/13/1905,380.55,381.05,381.275,380.75,,0.00%
1/3/2021,1/3/1900,1-Mar-21,7/13/1905,380.55,381.08,381.29,380.75,,-0.01%
1/2/2021,1/2/1900,1-Feb-21,7/13/1905,380.58,381.2,381.35,380.75,,-0.03%
1/1/2021,1/1/1900,1-Jan-21,7/13/1905,380.7,381.2,381.35,380.25,,0.00%
1/12/2020,1/12/1900,1-Dec-20,7/12/1905,380.7,381.2,381.35,380.25,,0.00%
1/11/2020,1/11/1900,1-Nov-20,7/12/1905,380.7,381.2,382.345,380.25,,0.00%
1/10/2020,1/10/1900,1-Oct-20,7/12/1905,380.7,381.1,381.35,380.25,,0.03%
1/9/2020,1/9/1900,1-Sep-20,7/12/1905,380.6,381.2,381.35,380.25,,-0.03%
1/8/2020,1/8/1900,1-Aug-20,7/12/1905,380.7,381,381.5,379.5,,0.05%
1/7/2020,1/7/1900,1-Jul-20,7/12/1905,380.5,360.5,385.5,360.5,,5.69%
1/6/2020,1/6/1900,1-Jun-20,7/12/1905,360,360.5,361.25,360.5,,0.00%
1/5/2020,1/5/1900,1-May-20,7/12/1905,360,360.5,361.75,360.25,,0.00%
1/4/2020,1/4/1900,1-Apr-20,7/12/1905,360,360.5,361.5,360.25,,0.00%
1/3/2020,1/3/1900,1-Mar-20,7/12/1905,360,306.4,380.25,305.55,,17.69%
1/2/2020,1/2/1900,1-Feb-20,7/12/1905,305.9,306.5,307.25,306.4,,-0.03%
1/1/2020,1/1/1900,1-Jan-20,7/12/1905,306,306.5,307.5,305.55,,0.00%
1/12/2019,1/12/1900,1-Dec-19,7/11/1905,306,306.5,307.2,306.35,,0.00%
1/11/2019,1/11/1900,1-Nov-19,7/11/1905,306,306.5,307.45,306.4,,0.00%
1/10/2019,1/10/1900,1-Oct-19,7/11/1905,306,306.45,307.475,306.4,,0.02%
1/9/2019,1/9/1900,1-Sep-19,7/11/1905,305.95,306.5,307.25,306.3,,-0.02%
1/8/2019,1/8/1900,1-Aug-19,7/11/1905,306,306.3,307.25,306.3,,0.07%
1/7/2019,1/7/1900,1-Jul-19,7/11/1905,305.8,306.4,307.25,306.3,,-0.03%
1/6/2019,1/6/1900,1-Jun-19,7/11/1905,305.9,306.4,307.25,306.34,,0.00%
1/5/2019,1/5/1900,1-May-19,7/11/1905,305.9,306.45,314.75,306.34,,-0.02%
1/4/2019,1/4/1900,1-Apr-19,7/11/1905,305.95,306.4,314.75,304.25,,0.02%
1/3/2019,1/3/1900,1-Mar-19,7/11/1905,305.9,314.75,314.75,306.3,,0.03%
1/2/2019,1/2/1900,1-Feb-19,7/11/1905,305.82,307.25,314.75,305.55,,-0.30%
1/1/2019,1/1/1900,1-Jan-19,7/11/1905,306.75,306.85,314.75,304.75,,-0.08%
1/12/2018,1/12/1900,1-Dec-18,7/10/1905,307,306.28,307.5,304.75,,0.40%
1/11/2018,1/11/1900,1-Nov-18,7/10/1905,305.78,306.05,314.75,304.75,,0.08%
1/10/2018,1/10/1900,1-Oct-18,7/10/1905,305.55,305.75,314.75,304.7,,-0.26%
1/9/2018,1/9/1900,1-Sep-18,7/10/1905,306.35,305.65,314.75,304.6,,0.39%
1/8/2018,1/8/1900,1-Aug-18,7/10/1905,305.15,305.38,315.25,304.75,,0.09%
1/7/2018,1/7/1900,1-Jul-18,7/10/1905,304.88,314.75,315.25,304.75,,-0.12%
1/6/2018,1/6/1900,1-Jun-18,7/10/1905,305.25,306.2,315.25,305.5,,-0.15%
1/5/2018,1/5/1900,1-May-18,7/10/1905,305.7,305.85,315.25,305.45,,0.16%
1/4/2018,1/4/1900,1-Apr-18,7/10/1905,305.2,315.05,315.25,305.3,,0.02%
1/3/2018,1/3/1900,1-Mar-18,7/10/1905,305.15,314.75,321,305.15,,-0.08%
1/2/2018,1/2/1900,1-Feb-18,7/10/1905,305.4,314.75,315.25,305.25,,0.07%
1/1/2018,1/1/1900,1-Jan-18,7/10/1905,305.2,314.75,315.25,305.25,,-0.38%
1/12/2017,1/12/1900,1-Dec-17,7/9/1905,306.35,314.75,315.25,305.5,,0.28%
1/11/2017,1/11/1900,1-Nov-17,7/9/1905,305.5,315.25,320.25,305.25,,-0.10%
1/10/2017,1/10/1900,1-Oct-17,7/9/1905,305.8,314.75,325.25,305.3,,0.02%
1/9/2017,1/9/1900,1-Sep-17,7/9/1905,305.75,305.8,328.25,305.25,,0.25%
1/8/2017,1/8/1900,1-Aug-17,7/9/1905,305,314.75,315.25,301.75,,-0.21%
1/7/2017,1/7/1900,1-Jul-17,7/9/1905,305.65,305.32,332.55,305.09,,0.25%
1/6/2017,1/6/1900,1-Jun-17,7/9/1905,304.88,319.855,327.33,304.75,,0.17%
1/5/2017,1/5/1900,1-May-17,7/9/1905,304.35,305.3,326.8,304.8,,-1.79%
1/4/2017,1/4/1900,1-Apr-17,7/9/1905,309.895,305.85,323.5,305,,1.49%
1/3/2017,1/3/1900,1-Mar-17,7/9/1905,305.35,304.95,318.5,302.5,,0.30%
1/2/2017,1/2/1900,1-Feb-17,7/9/1905,304.45,304.75,318.5,304.48,,0.07%
1/1/2017,1/1/1900,1-Jan-17,7/9/1905,304.25,304.7,319.215,304.5,,0.02%
1/12/2016,1/12/1900,1-Dec-16,7/8/1905,304.2,304.75,319.5,304.5,,-0.02%
1/11/2016,1/11/1900,1-Nov-16,7/8/1905,304.25,305,329.5,304.5,,-0.08%
1/10/2016,1/10/1900,1-Oct-16,7/8/1905,304.5,305,328.2,304.5,,0.00%
1/9/2016,1/9/1900,1-Sep-16,7/8/1905,304.5,315.25,340.25,304.75,,-1.77%
1/8/2016,1/8/1900,1-Aug-16,7/8/1905,310,318.5,354.25,306.25,,-2.52%
1/7/2016,1/7/1900,1-Jul-16,7/8/1905,318,282.25,322.25,280.25,,12.88%
1/6/2016,1/6/1900,1-Jun-16,7/8/1905,281.72,198.98,286.5,198.05,,41.71%
1/5/2016,1/5/1900,1-May-16,7/8/1905,198.8,198.99,199.31,198.05,,0.00%
1/4/2016,1/4/1900,1-Apr-16,7/8/1905,198.8,198.81,199.3,198.05,,0.00%
1/3/2016,1/3/1900,1-Mar-16,7/8/1905,198.8,199.25,199.33,198.05,,0.00%
1/2/2016,1/2/1900,1-Feb-16,7/8/1905,198.8,199.25,199.3,198.05,,0.00%
1/1/2016,1/1/1900,1-Jan-16,7/8/1905,198.8,199.05,201.05,197.5,,-0.10%
1/12/2015,1/12/1900,1-Dec-15,7/7/1905,199,199.16,199.4,198.02,,0.10%
1/11/2015,1/11/1900,1-Nov-15,7/7/1905,198.8,198.5,199.38,198.05,,-0.08%
1/10/2015,1/10/1900,1-Oct-15,7/7/1905,198.96,199.05,199.38,198.05,,-0.01%
1/9/2015,1/9/1900,1-Sep-15,7/7/1905,198.98,199.05,199.305,197.775,,-0.01%
1/8/2015,1/8/1900,1-Aug-15,7/7/1905,199,199.2,199.4,197.775,,0.03%
1/7/2015,1/7/1900,1-Jul-15,7/7/1905,198.95,199,199.39,197.775,,-0.02%
1/6/2015,1/6/1900,1-Jun-15,7/7/1905,198.98,199,199.24,195.05,,-0.01%
1/5/2015,1/5/1900,1-May-15,7/7/1905,199,198.05,199.45,198.05,,0.51%
1/4/2015,1/4/1900,1-Apr-15,7/7/1905,198,199.05,199.1,198.05,,-0.50%
1/3/2015,1/3/1900,1-Mar-15,7/7/1905,199,202.55,202.55,195.05,,-1.73%
1/2/2015,1/2/1900,1-Feb-15,7/7/1905,202.5,190.5,206.1,187.55,,8.00%
